{"cameraMode":{"drawMode":0,"name":"Shaded","section":"Shading Mode"},"sceneLighting":true,"audioPlay":false,"sceneViewState":{"showFog":true,"showMaterialUpdate":false,"showSkybox":true,"showFlares":true,"showImageEffects":true,"showParticleSystems":true,"showVisualEffectGraphs":true,"m_FxEnabled":true},"in2DMode":false,"pivot":{"x":5.1376566886901859,"y":1.9224138259887696,"z":-5.591435432434082},"rotation":{"x":0.011999495327472687,"y":0.0059998310171067719,"z":-0.00007200457184808329,"w":0.9999091029167175},"size":6.234649181365967,"orthographic":false}