{"cameraMode":{"drawMode":0,"name":"Shaded","section":"Shading Mode"},"sceneLighting":true,"audioPlay":false,"sceneViewState":{"showFog":true,"showMaterialUpdate":false,"showSkybox":true,"showFlares":true,"showImageEffects":true,"showParticleSystems":true,"showVisualEffectGraphs":true,"m_FxEnabled":true},"in2DMode":false,"pivot":{"x":6.159284591674805,"y":3.923072576522827,"z":0.3809852600097656},"rotation":{"x":-0.011998838745057583,"y":-0.011998520232737065,"z":-0.0001439993648091331,"w":0.999855637550354},"size":24.203170776367189,"orthographic":false}